name,url,price
Zwin - Responsive Vcard Template,https://themeforest.net/item/zwin-responsive-vcard-template/1970657,17
Cascade - Responsive Personal vCard Template,https://themeforest.net/item/cascade-responsive-personal-vcard-template/758689,19
BookCard - 3D Folded vCard Template,https://themeforest.net/item/bookcard-responsive-3d-folded-vcard/4285225,25
The Virtual Business Card (vCard),https://themeforest.net/item/the-virtual-business-card-vcard/71184,10
"ShiftCV | Blog, Resume, Portfolio",https://themeforest.net/item/shiftcv-blog-resume-portfolio/5925341,15
Precision - Premium vCard,https://themeforest.net/item/precision-premium-vcard/1253503,8
FlexyVcard - Responsive Vcard Template ,https://themeforest.net/item/flexyvcard-responsive-vcard-template-/7158750,14
Mi. - Ultimate Personal Resume vCard Template,https://themeforest.net/item/mi-ultimate-personal-resume-vcard-template/13308494,15
Prestige - Personal vCard Template,https://themeforest.net/item/prestige-personal-vcard-template/1687904,19
Intima - Clean & Responsive Resume Template,https://themeforest.net/item/intima-clean-responsive-resume-template/8847426,13
Kitzu - Personal Portfolio Template,https://themeforest.net/item/kitzu-personal-portfolio-template/26075107,9
Divergent - Personal Vcard Resume HTML Template,https://themeforest.net/item/divergent-personal-vcard-resume-html-template/12863067,15
MaterialX - Material Design Personal Template,https://themeforest.net/item/materialx-material-design-personal-template/10735301,15
LETA - Responsive Vcard Template,https://themeforest.net/item/leta-responsive-vcard-template/4466347,10
Moje. - Responsive Bootstrap Personal Resume vCard HTML/CSS Theme,https://themeforest.net/item/moje-responsive-bootstrap-personal-resume-vcard-htmlcss-theme/7800423,15
UkieCard - Personal Vcard & Resume HTML Template,https://themeforest.net/item/ukiecard-personal-vcard-resume-html-template/11314423,13
INSTA - One Page Responsive Resume Template,https://themeforest.net/item/insta-one-page-responsive-resume-template/12417028,14
Monaco - Personal vCard Template,https://themeforest.net/item/monaco-personal-vcard-template/1047779,19
cvCard - Responsive Resume Template,https://themeforest.net/item/cvcard-responsive-vcard-template/6791691,19
Bionick - Responsive Personal Portfolio Template,https://themeforest.net/item/bionick-responsive-personal-portfolio-template/11860143,17
Identity - Responsive One Page Vcard Portfolio,https://themeforest.net/item/identity-responsive-one-page-vcard-portfolio/7568626,14
Bolby - Portfolio/CV/Resume HTML Template,https://themeforest.net/item/bolby-portfoliocvresume-html-template/25767740,14
Solonick - Creative Responsive Personal Portfolio,https://themeforest.net/item/solonick-creative-responsive-personal-portfolio/21743062,17
Travelogue - Travel Blog HTML Template,https://themeforest.net/item/travelogue-travel-blog-html-template/9058694,17
Who I am - Personal Resume and Portfolio,https://themeforest.net/item/who-i-am-personal-resume-and-portfolio/9745869,15
"Cards - Personal vCard, Resume/CV & Portfolio",https://themeforest.net/item/cards-personal-vcard-resumecv-portfolio/13066785,17
JustMe Responsive Professional vCard,https://themeforest.net/item/justme-responsive-professional-vcard/2415328,8
HTML Site - Adaptive Bootstrap Square vCard,https://themeforest.net/item/html-site-adaptive-bootstrap-square-vcard/4902009,9
Cooper - Creative  Responsive Personal  Portfolio,https://themeforest.net/item/cooper-creative-responsive-personal-portfolio/18855832,17
Taso - Personal Portfolio Template,https://themeforest.net/item/taso-personal-portfolio-template/22420342,10
Baha - Personal Portfolio Template,https://themeforest.net/item/baha-personal-portfolio-template/24030489,14
 miniMe - Clean & Responsive Template,https://themeforest.net/item/-minime-clean-responsive-template/10254848,15
Chulan -  Personal Portfolio & Resume Page,https://themeforest.net/item/chulan-personal-portfolio-resume-page/7053698,13
Waxon - Personal Portfolio Template,https://themeforest.net/item/waxon-personal-portfolio-template/29135128,14
Squares - HTML5 vCard/Portfolio Template,https://themeforest.net/item/squares-html5-vcardportfolio-template/548299,9
"Arshia - Bootstrap 4 Personal, portfolio and resume template + RTL",https://themeforest.net/item/arshia-bootstrap-4-personal-portfolio-and-resume/25605153,12
"SpirIT — Portfolio & Resume HTML Template for Developers, Programmers and Freelancers.",https://themeforest.net/item/spirit-portfolioresume-html-template-for-developers-programmers-and-freelancers/17094383,20
The Compass - Modern vCard & Portfolio Template,https://themeforest.net/item/the-compass-modern-vcard-portfolio-template/5221158,13
Simone - Personal Portfolio Template,https://themeforest.net/item/simone-personal-portfolio-template/28476751,14
FlatCV - Resume \ Portfolio \ HTML5,https://themeforest.net/item/flatcv-resume-portfolio-html5/5458924,13
Circlus - Personal Portfolio&vCard HTML5&CSS3 Theme,https://themeforest.net/item/circlus-personal-portfoliovcard-html5css3-theme/1261774,9
Krobs - Personal  Onepage Responsive Template,https://themeforest.net/item/krobs-personal-onepage-responsive-template/8926006,11
Split : Personal CV/Vcard Template,https://themeforest.net/item/split-personal-cvvcard-template/12915369,25
PULSE - Personal / Academic Vcard Template,https://themeforest.net/item/pulse-personal-academic-vcard-template/10654629,10
Humanum – Responsive vCard Template,https://themeforest.net/item/humanum-responsive-vcard-template/5230208,14
Empathy - A vCard & Resume Template,https://themeforest.net/item/empathy-a-vcard-template/15106332,25
Daniels - One Page Portfolio,https://themeforest.net/item/daniels-one-page-portfolio/21557896,14
Geneva - Personal vCard Template,https://themeforest.net/item/geneva-personal-vcard-template/1580396,19
ResumeX Html - Multipurpose One Page Portfolio,https://themeforest.net/item/resumex-html-multipurpose-one-page-portfolio/7184392,15
Sam Martin - Personal vCard Resume HTML Template,https://themeforest.net/item/sam-martin-personal-vcard-resume-html-template/16795240,17
Confidence Responsive VCard Template,https://themeforest.net/item/confidence-responsive-vcard-template/6471837,25
vCard Responsive HTML Template,https://themeforest.net/item/vcard-responsive-html-template/6605463,12
Personala - One Page Portfolio,https://themeforest.net/item/personala-one-page-portfolio/21668879,10
NEW Html Vcard Template,https://themeforest.net/item/new-retina-ready-vcard-template/7021827,25
Persona Responsive HTML5 Vcard Template,https://themeforest.net/item/persona-responsive-html5-vcard-template/4703239,10
"Nill - Bootstrap 4 personal, portfolio and resume template + RTL",https://themeforest.net/item/nill-bootstrap-4-personal-portfolio-and-resume/25346896,12
Ursus Polaris - Modern 3D Portfolio,https://themeforest.net/item/ursus-polaris-modern-3d-portfolio/3597664,14
Panacea Responsive Parallax Site Template,https://themeforest.net/item/panacea-responsive-parallax-site-template/5741527,16
Savvy - Personal vCard Resume & Portfolio Template,https://themeforest.net/item/savvy-personal-vcard-resume-portfolio-template/10811117,15
Kalvin - Responsive Bootstrap 4 One Page Portfolio Template,https://themeforest.net/item/kalvin-portfolio-template/22191766,19
Persona - Minimal Resume/CV Template,https://themeforest.net/item/persona-minimal-resumecv-template/14814584,15
VALERA's - Responsive Vcard,https://themeforest.net/item/valeras-responsive-vcard/2249627,95
Elvish - Personal Portfolio Template,https://themeforest.net/item/elvish-personal-portfolio-template/21778207,50
Cvio - CV Resume Template,https://themeforest.net/item/cvio-resumecv-template/24695116,17
Void - Onepage Parallax Personal Portfolio Templates,https://themeforest.net/item/void-onepage-parallax-personal-portfolio-templates/19679120,20
uCard - Animated vCard Template,https://themeforest.net/item/ucard-a-vcard-template/15925463,25
FlipCard - Responsive One-page Template,https://themeforest.net/item/flipcard-responsive-onepage-template/5334050,14
Alexon - Personal One-Multi Page Hybrid Template,https://themeforest.net/item/alexon-personal-onemulti-page-hybrid-template-/10652875,15
Frittata - Responsive Personal Template,https://themeforest.net/item/frittata-responsive-personal-template/4050602,16
Sigma: Creative AJAX HTML Template,https://themeforest.net/item/sigma-creative-ajax-html-template/5448172,13
Second Responsive V-card Template,https://themeforest.net/item/second-responsive-vcard-template/2644479,25
MilZinCard - Responsive vCard Template ,https://themeforest.net/item/milzincard-responsive-vcard-template-/11474223,12
4HIRE - Elegant vCard Template,https://themeforest.net/item/4hire-elegant-vcard-template/236937,8
Patrick - CV Resume Template,https://themeforest.net/item/patrick-personal-vcard-resume-cv-template/22390204,17
Motion | vCard Template,https://themeforest.net/item/motion-responsive-vcard-template/3968041,39
Kreative - Personal Vcard & Resume HTML Template,https://themeforest.net/item/kreative-personal-vcard-resume-html-template/12815537,21
Alexio – Bootstrap 4 Personal Portfolio,https://themeforest.net/item/alexio-bootstrap-4-personal-portfolio/23025822,14
Lucido Professiona Vcard Template,https://themeforest.net/item/lucido-professiona-vcard-template/109376,11
Nastik - Creative Responsive Personal Ajax  Portfolio,https://themeforest.net/item/nastik-creative-responsive-personal-ajax-portfolio/24723014,17
Personal CV with Timeline,https://themeforest.net/item/personal-cv-with-timeline/2838279,13
Profyl - Personal Vcard Resume HTML Template,https://themeforest.net/item/profyl-personal-vcard-resume-html-template/20952362,9
Clean Html V-card Template,https://themeforest.net/item/clean-responsive-retina-ready-vcard-template/4754554,25
Skydreamer HTML5 responsive vCard,https://themeforest.net/item/skydreamer-html5-responsive-vcard/2950493,10
Karizma - Modern vCard / Resume / CV / Portfolio,https://themeforest.net/item/karizma-modern-vcard-resume-cv-portfolio/22458480,11
"ADDO - Multipurpose Personal, Portfolio and Resume Template",https://themeforest.net/item/addo-multipurpose-personal-portfolio-and-resume-template/23687783,25
Personalize - Elegant and Professional vCard theme,https://themeforest.net/item/personalize-elegant-and-professional-vcard-theme/125412,9
Ja - Advanced Personal Resume / CV vCard Template,https://themeforest.net/item/ja-advanced-personal-resume-cv-vcard-template/20482655,18
Marqa | One Page Personal & Portfolio HTML Template,https://themeforest.net/item/marqa-one-page-personal-portfolio-html-template/16996898,16
CodeX - Personal Portfolio / Resume / CV / vCard Template,https://themeforest.net/item/codex-personal-portfolio-resume-cv-vcard-template/24245516,12
Jonny - One Page HTML Template,https://themeforest.net/item/jonny-one-page-html-template/21099125,14
Arter - CV Resume Portfolio Web App Template,https://themeforest.net/item/arter-cv-resume-portfolio-web-app-template/27008333,19
Riche vCard | Personal vCard HTML Template,https://themeforest.net/item/riche-vcard-personal-vcard-html-template/13287579,65
Vitae - Responsive HTML5 vCard Template,https://themeforest.net/item/vitae-responsive-html5-vcard-template/5349617,13
Advante - Responsive HTML5 Personal Page,https://themeforest.net/item/advante-responsive-html5-personal-page/2353435,13
Ryan – Bootstrap 4 One Page Personal Portfolio Template,https://themeforest.net/item/ryan-bootstrap-4-one-page-personal-portfolio-template/22047453,14
Portbook - Portfolio Booklet Template,https://themeforest.net/item/portbook-portfolio-booklet-template/1631894,9
Premium vCard,https://themeforest.net/item/premium-vcard/232715,8
Shane - Personal Portfolio Template,https://themeforest.net/item/shane-vcard-template/28114907,14
Madeeha - Responsive Vcard Template,https://themeforest.net/item/madeeha-responsive-vcard-template/2645116,7
Arther : BS3 Horizontal Scrolling Vcard Template,https://themeforest.net/item/arther-bs3-horizontal-scrolling-vcard-template/7383866,14
Sleeko Responsive vCard,https://themeforest.net/item/sleeko-responsive-vcard/3269257,9
Balloon - Personal vCard Template,https://themeforest.net/item/balloon-personal-vcard-template/14351258,13
Resume / CV / Portfolio / vCard,https://themeforest.net/item/riyad-creative-vcard-resume-cv-portfolio/23608354,14
Volos - One Page Resume HTML Template,https://themeforest.net/item/volos-one-page-resume-html-template/24771317,14
Myers - Responsive vCard / Resume / CV Template,https://themeforest.net/item/myers-responsive-vcard-resume-cv-template/17307044,15
Biopic - Responsive Resume HTML5 Template,https://themeforest.net/item/biopic-responsive-resume-html5-template/8664710,13
Color Grids - Responsive Creative Portfolio,https://themeforest.net/item/color-grids-responsive-creative-portfolio/2792210,11
Dew - Personal Portfolio Template,https://themeforest.net/item/dew-personal-portfolio-template/21233334,9
Sooner Responsive One Page V-card Template,https://themeforest.net/item/sooner-vcard-responsive-one-page-vcard-template/4228851,25
Health Coach Blog & Lifestyle Site Template,https://themeforest.net/item/health-coach-blog-lifestyle-site-template/19798424,17
Kenil - Responsive Bootstrap 4 One Page Portfolio Template,https://themeforest.net/item/kenil-responsive-bootstrap-4-one-page-personal-portfolio-template/26454458,16
BOUNCE - Responsive One Page Vcard Template,https://themeforest.net/item/bounce-responsive-one-page-vcard-template/9549570,25
Unica Personal One-page HTML5 Template,https://themeforest.net/item/unica-personal-onepage-html5-template/12951829,14
Mini - Onepage Personal Portfolio,https://themeforest.net/item/mini-onepage-personal-portfolio/16441146,15
Hendrie - Personal Portfolio Template,https://themeforest.net/item/hendrie-personal-portfolio-html-template/18833783,17
Creative Resume CV / vCard  & Portfolio,https://themeforest.net/item/creative-resume-cv-vcard-portfolio/20890728,12
Mustache -Professional vCard Resume HTML,https://themeforest.net/item/mustache-professional-vcard-resume-html/4720829,19
Reva - Personal One Page Template,https://themeforest.net/item/reva-personal-one-page-template/21518903,15
Demian - Bootstrap Portfolio Responsive Template,https://themeforest.net/item/demian-bootstrap-portfolio-responsive-template/9328623,15
Revert - MINIMALIST VCARD RESUME TEMPLATE,https://themeforest.net/item/revert-minimalist-vcard-resume-template/18130046,18
Martin Luther - Personal Portfolio Template,https://themeforest.net/item/martin-luther-personal-portfolio-template/20826058,14
Wellios - vCard Template,https://themeforest.net/item/wellios-vcard-template/3637697,10
Martin - Creative Portfolio One Page,https://themeforest.net/item/martin-creative-portfolio-one-page/20629398,25
Hendrix - Personal Portfolio Template,https://themeforest.net/item/hendrix-personal-portfolio-html-template/21232932,17
V-card Template,https://themeforest.net/item/vcard-template/309050,15
Monster vCard Template,https://themeforest.net/item/monster-vcard-template/4759115,11
Ukko - Personal Portfolio HTML Template,https://themeforest.net/item/ukko-personal-portfolio-html-template/25150317,14
Solotrio - Retina Responsive Elegant Personal One-Page Template,https://themeforest.net/item/solotrio-retina-responsive-elegant-personal-onepage-template/6332830,15
MotiCV - Resume / CV HTML5 Template,https://themeforest.net/item/moticv-resume-cv-html5-template/18665155,24
Vido - vCard Template,https://themeforest.net/item/vido-responsive-vcard-template/4755004,39
Page One - Responsive Vcard Resume HTML Template,https://themeforest.net/item/page-one-responsive-vcard-resume-html-template/5028881,11
iBloggo - Minimal HTML Personal Blog Template,https://themeforest.net/item/ibloggo-minimal-html-personal-blog-template/7888052,17
MePro - Creative Personal & Portfolio Template,https://themeforest.net/item/mepro-creative-personal-portfolio-template/11870466,17
Tony– Bootstrap 4 Personal Portfolio,https://themeforest.net/item/tony-bootstrap-4-personal-portfolio/25406758,10
BIRVA - Responsive  Portfolio Template,https://themeforest.net/item/birva-responsive-portfolio-template/6487991,15
Henderson - Responsive vCard Template,https://themeforest.net/item/henderson-responsive-vcard-template/15314964,12
Edrea - Personal Portfolio Template,https://themeforest.net/item/edrea-personal-portfolio-template/22535185,14
Mariam - Personal Portfolio Template,https://themeforest.net/item/mariam-personal-portfolio-template/26057321,13
Parx - Responsive Vcard Template,https://themeforest.net/item/parx-responsive-vcard-template/3651038,7
Freelancer - Personal One Page,https://themeforest.net/item/freelancer-personal-one-page-template/20040739,10
Resume / CV,https://themeforest.net/item/nassar-creative-resume-cv-portfolio-vcard/24668277,14
Ramsay - Creative Personal Onepage HTML Template,https://themeforest.net/item/ramsay-creative-personal-onepage-html-template/25435830,13
Buka - One Page Portfolio,https://themeforest.net/item/buka-one-page-portfolio/22281415,12
DYON - Simple vCard Resume Template,https://themeforest.net/item/dyon-simple-vcard-resume-template/20176792,12
Gaiz Clean Horizontal Scrolling Responsive Vcard,https://themeforest.net/item/gaiz-clean-horizontal-scrolling-responsive-vcard/4552964,14
The Tree - Unique HTML/CSS One-Page Template,https://themeforest.net/item/the-tree-unique-htmlcss-onepage-template/6029250,19
Insurgent - Personal Vcard Resume HTML Template,https://themeforest.net/item/insurgent-personal-vcard-resume-html-template/17144992,15
"Jess - Personal, Portfolio, CV & Resume Website Template",https://themeforest.net/item/jess-bootstrap-4-personal-website-template/28194162,14
Prema - Personal Portfolio HTML One Page Template.,https://themeforest.net/item/prema-personal-portfolio-html-one-page-template/18705556,16
Fancy -  Professional vCard Theme,https://themeforest.net/item/fancy-professional-vcard-theme/70797,9
Great Onepage Portfolio,https://themeforest.net/item/great-onepage-portfolio/5315687,17
Plus Html V-card Template,https://themeforest.net/item/plus-responsive-retina-ready-vcard-template/5549467,25
Denzel. - Onepage Personal HTML Template,https://themeforest.net/item/denzel-onepage-personal-html-template/27502619,14
Rivo - Personal Portfolio Template,https://themeforest.net/item/rivo-personal-portfolio-template/23347915,10
Zain - One Page Portfolio,https://themeforest.net/item/zain-one-page-portfolio/22738341,12
Curricula,https://themeforest.net/item/curricula/6046204,11
Angels – Clean & Creative vCard Portfolio Template,https://themeforest.net/item/angels-clean-creative-vcard-portfolio-template/13288969,11
Branten - Personal Portfolio HTML Template,https://themeforest.net/item/branten-personal-portfolio-html-template/17798057,8
Zman - Personal PortfolioTemplate,https://themeforest.net/item/zman-personal-portfoliotemplate/22342354,12
RezuMate - Personal Portfolio Template,https://themeforest.net/item/rezumate-personal-portfolio-template/19400073,12
Tayn - Resume / CV / vCard Template,https://themeforest.net/item/tayn-resume-cv-vcard-template/15228462,15
Designer - Personal Portfolio Template,https://themeforest.net/item/designer-personal-portfolio-template/19586338,16
Waxon - React Personal Portfolio & Blog Template,https://themeforest.net/item/waxon-personal-portfolio-react-template/29993049,19
HAYLEY - Creative Personal CV/Resume HTML Template,https://themeforest.net/item/hailey-creative-personal-cvresume-html-template/26465627,19
Material CV - Personal CV HTML Template,https://themeforest.net/item/material-cv-personal-cv-html-template/15325535,12
Selfer - Personal Portfolio Template,https://themeforest.net/item/selfer-personal-portfolio-template/22318346,14
Keira - Bootstrap 4 One Page Personal Portfolio Template,https://themeforest.net/item/keira-bootstrap-4-one-page-personal-portfolio-template/22456409,14
nilgiris - Personal Vcard Responsive Retina HTML,https://themeforest.net/item/nilgiris-personal-vcard-responsive-retina-html/4225002,15
AboutMe - Personal Portfolio Resume Template,https://themeforest.net/item/aboutme-personal-portfolio-resume-template/20847550,14
Grace - One Page Personal Theme,https://themeforest.net/item/grace-one-page-personal-theme/4160746,15
Harry - Personal One Page,https://themeforest.net/item/harry-personal-one-page/20260969,10
NAVIS - Personal Portfolio & vCard.,https://themeforest.net/item/navis-personal-portfolio-vcard/21309475,17
Myour - CV Resume Template,https://themeforest.net/item/myour-personal-portfolio-template/25744677,17
Jestem - Elegant & Minimal Resume vCard Theme ,https://themeforest.net/item/jestem-elegant-minimal-resume-vcard-theme-/10846042,15
Fabon - Personal Portfolio Template,https://themeforest.net/item/fabon-personal-portfolio-template/22371266,10
Expedition Fullscreen Interactive Template,https://themeforest.net/item/expedition-fullscreen-interactive-template/19263498,10
Pencil- Virtual Business Card CV Resume HTML Template,https://themeforest.net/item/pencil-virtual-business-card-cv-resume-html-template/22133398,14
Me.Card - HTML V-card theme,https://themeforest.net/item/mecard-html-vcard-theme/3353894,11
Mia - One Page Personal vCard,https://themeforest.net/item/mia-one-page-personal-vcard-/17205832,17
Avita - Personal Portfolio Template,https://themeforest.net/item/avita-personal-portfolio-template/22827070,12
RectCV - Personal Bootstrap 4 HTML Portfolio Template,https://themeforest.net/item/rectcv-personal-bootstrap-4-html-template/26951744,14
"Miresume - Resume, CV, Portfolio Template",https://themeforest.net/item/miresume-resume-cv-portfolio-template/10765516,12
Saptcard Vcard HTML5 Template,https://themeforest.net/item/saptcard-vcard-html5-template/4758741,11
Burton – One Page Resume & CV Template,https://themeforest.net/item/burton-one-page-resume-cv-template/18468395,16
Blvck - Personal vCard & Resume Template,https://themeforest.net/item/blvck-personal-vcard-resume-template/16081671,14
My Porto- Resume and vCard HTML Template,https://themeforest.net/item/my-porto-resume-and-vcard-html-template/22038845,10
Vento vCard Template,https://themeforest.net/item/vento-vcard-template/3307195,39
I'm Mat - Material Personal Resume / CV vCard Template,https://themeforest.net/item/im-mat-material-personal-resume-cv-vcard-template/15887637,15
Vivid - Creative Personal Portfolio Template.,https://themeforest.net/item/vivid-creative-personal-portfolio-template/21061942,14
AH - Creative Personal Resume And Blog Template,https://themeforest.net/item/ah-creative-personal-resume-and-blog-template/9768390,8
ZET - One Page Resume/Personal Portfolio HTML Template,https://themeforest.net/item/zet-one-page-resumepersonal-portfolio-html-template/15329016,17
XXL - Multipurpose HTML vCard,https://themeforest.net/item/xxl-multipurpose-html-vcard/6806931,13
Modak One Page HTML Template,https://themeforest.net/item/modak-one-page-html-template/28926663,14
Orange Responsive V-card Template,https://themeforest.net/item/orange-responsive-vcard-template/3524437,25
Gilber - Personal CV/Resume HTML Template,https://themeforest.net/item/gilber-personal-cvresume-html-template/29559704,16
Brax | Responsive Personal Portfolio Template,https://themeforest.net/item/brax-responsive-personal-portfolio-template/21606494,29
A-TEAM: Minimal & Responsive HTML5 Blog Template,https://themeforest.net/item/ateam-minimal-responsive-html5-blog-template/9769855,14
Liam - Creative Personal Portfolio,https://themeforest.net/item/liam-creative-personal-portfolio/26641245,25
ِِAlcy -Creative Personal Ajax  Portfolio html Template,https://themeforest.net/item/alcy-creative-personal-ajax-portfolio-html-template/24046361,18
Kvest - Creative  Responsive Personal  Portfolio,https://themeforest.net/item/kvest-creative-responsive-personal-portfolio/19729465,11
InBio - One Page Personal Portfolio Template,https://themeforest.net/item/inbio-one-page-personal-portfolio-template/33188244,7
Personal Portfolio Template - Callum,https://themeforest.net/item/callum-personal-portfolio-html-template/31583297,14
Nista - Personal Portfolio Template,https://themeforest.net/item/nista-personal-portfolio-template/22564316,16
ANAS - Personal Portfolio HTML5 Template,https://themeforest.net/item/anas-personal-portfolio-html5-template/20793995,5
Mari - Responsive Resume / CV / vCard Template,https://themeforest.net/item/mari-responsive-resume-cv-vcard-template/15173993,14
Palladium - Creative Responsive Portfolio,https://themeforest.net/item/palladium-creative-responsive-portfolio/4848927,11
Roberto - Personal Portfolio Template,https://themeforest.net/item/roberto-personal-portfolio-template/22634450,9
HTML5 Modern Cv,https://themeforest.net/item/html5-modern-cv/18159431,10
Innovative Idea – Personal vCard HTML5 Theme,https://themeforest.net/item/innovative-idea-personal-vcard-html5-theme/4017805,5
LoveCV - Onepage Resume Template,https://themeforest.net/item/lovecv-onepage-resume-template/10647368,13
Sukces - Neat Personal Resume CV vCard Template,https://themeforest.net/item/sukces-neat-personal-resume-cv-vcard-template/17119523,15
Creato - Personal Portfolio Template,https://themeforest.net/item/creato-personal-portfolio-template/20261420,14
Ocean -  Personal Portfolio Template.,https://themeforest.net/item/ocean-personal-portfolio-template/19807794,13
Soliman - Creative Portfolio Template,https://themeforest.net/item/soliman-creative-portfolio-template/22125387,12
Manisa - Personal One Page Template,https://themeforest.net/item/manisa-personal-one-page-template/20856030,14
Keon | Responsive Personal Portfolio Template,https://themeforest.net/item/keon-responsive-personal-portfolio-template/20654961,29
Mikael - Modern & Creative CV/Resume HTML5 Template,https://themeforest.net/item/mikael-modern-creative-cvresume-html5-template/27081107,19
LRK - Creative vCard Template,https://themeforest.net/item/lrk-creative-vcard-template/17881843,14
BIRVA - Responsive Portfolio Template,https://themeforest.net/item/birva-responsive-portfolio-template/7989885,15
Pixel Portfolio - Vcard,https://themeforest.net/item/pixel-portfolio-vcard/66031,10
Virgilio | Personal Portfolio Theme,https://themeforest.net/item/virgilio-personal-portfolio-theme/19952830,29
Flexi - Personal Portfolio HTML5 Template,https://themeforest.net/item/flexi-personal-portfolio-html5-template/22514193,12
ARO - Responsive Personal Portfolio Template,https://themeforest.net/item/aro-responsive-personal-portfolio-template/19800647,8
Only Me - Personal & Responsive Template,https://themeforest.net/item/only-me-clean-responsive-template/12896307,15
MiniMax - All in one - 2 layouts,https://themeforest.net/item/minimax-all-in-one-2-layouts/87768,11
Clarks | CV/Resume Template,https://themeforest.net/item/clarks-vcard-resume-cv-portfolio-template/23103812,59
NOISE — Minimalistic and Creative Personal Portfolio Template,https://themeforest.net/item/noise-minimalistic-and-creative-personal-portfolio-template/20381247,20
Leila - Personal Portfolio Template,https://themeforest.net/item/leila-personal-portfolio-template/23369423,14
Ner - Personal Portfolio Template,https://themeforest.net/item/ner-personal-portfolio-template/22196990,18
Uneat - Personal Portfolio Template,https://themeforest.net/item/uneat-personal-portfolio-cv-resume-vcard-template/25093444,12
"UOne - Personal, Portfolio and Resume Template",https://themeforest.net/item/uone-personal-portfolio-and-resume-template/25005328,12
Phillip - Minimal Personal Portfolio /CV / Resume Template,https://themeforest.net/item/phillip-minimal-personal-portfolio-cv-resume-template/19340916,15
Pitar - Personal Portfolio Html5 Template + RTL,https://themeforest.net/item/pitar-personal-portfolio-html5-template-rtl/22151582,12
it'sMe - Responsive Vcard/CV/Resume Template,https://themeforest.net/item/itsme-responsive-vcardcvresume-template/19665121,15
Nairo – Bootstrap 4 Personal Portfolio,https://themeforest.net/item/nairo-bootstrap-4-personal-portfolio/27231134,14
Brendon - Minimal Personal Blog Portfolio HTML Template,https://themeforest.net/item/brendon-minimal-personal-blog-portfolio-html-template/19758913,10
Brown - Personal Portfolio,https://themeforest.net/item/brown-personal-portfolio/25625262,12
Raquel – Bootstrap 4 Personal Portfolio,https://themeforest.net/item/raquel-bootstrap-4-personal-portfolio/26762384,14
Krozo - Bootstrap 4 Personal Portfolio,https://themeforest.net/item/krozo-bootstrap-4-personal-portfolio/29927903,10
Gentle - vCard HTML5 Template,https://themeforest.net/item/gentle-vcard-html5-template/15797246,10
Fifty - Personal Portfolio Template,https://themeforest.net/item/fifty-personal-portfolio-template/23339955,14
Diya - One Page Personal Template,https://themeforest.net/item/diya-one-page-personal-template/26320400,25
"Arctic - Responsive, Personal Blog Theme",https://themeforest.net/item/arctic-responsive-personal-blog-theme/6621921,15
"Westin - Bootstrap 4 Personal, portfolio and resume template + RTL",https://themeforest.net/item/westin-bootstrap-4-personal-portfolio-and-resume-template-rtl/29920556,12
Marvin - Personal Portfolio Template,https://themeforest.net/item/marvin-personal-portfolio-template/26019831,14
Mazen - Creative Portfolio Template,https://themeforest.net/item/mazen-creative-portfolio-template/22682264,11
Jonas - Retro Responsive Resume / Portfolio,https://themeforest.net/item/jonas-retro-responsive-resume-portfolio/8218132,6
RIVAL One Page Vcard Template,https://themeforest.net/item/rival-one-page-vcard-template/7698090,25
Zenon - Portfolio Template,https://themeforest.net/item/zenon-portfolio-template/22639971,16
shukr - Creative Personal Portfolio template,https://themeforest.net/item/shukr-creative-personal-portfolio-template/22864367,7
Joyson Personal - Resume / CV Vcard Portfolio HTML,https://themeforest.net/item/joyson-personal-resume-cv-vcard-portfolio-html/12058136,15
McCan - Creative Personal Portfolio Template,https://themeforest.net/item/mccan-creative-personal-portfolio-template/25089170,25
beyond - Personal Portfolio Template,https://themeforest.net/item/beyond-personal-portfolio-template/22658690,18
Maria - Portfolio Template,https://themeforest.net/item/maria-portfolio-template/21364515,14
The Book : Personal vCard Template,https://themeforest.net/item/the-book-personal-vcard-template/16692133,25
SHOWKES - Personal Portfolio HTML5 Template,https://themeforest.net/item/showkes-personal-portfolio-html5-template/20656720,5
Selena. - Minimal Portfolio & Personal Template,https://themeforest.net/item/selena-minimal-portfolio-personal-template/19769118,16
It's Me - Personal Resume and Portfolio,https://themeforest.net/item/its-me-personal-resume-and-portfolio/12103343,15
Shin Onepage Personal Portfolio,https://themeforest.net/item/shin-onepage-personal-portfolio/18673643,14
Doe - Creative Resume / CV / vCard Template,https://themeforest.net/item/doe-creative-resume-cv-vcard-template/17091752,14
Parker | Personal Portfolio /CV / Resume Template,https://themeforest.net/item/parker-personal-portfolio-cv-resume-template/20932425,15
Kavya - Clean Minimal HTML Blog Template,https://themeforest.net/item/kavya-clean-minimal-html-blog-template/25631219,15
Shadow - Personal Portfolio Template,https://themeforest.net/item/shadow-personal-portfolio-template/20521440,15
Okla - Responsive Bootstrap 4 One Page Portfolio Template,https://themeforest.net/item/okla-responsive-bootstrap-4-one-page-portfolio-template/22412244,8
Geeknius - Modern & Creative CV/Resume HTML & SASS Template,https://themeforest.net/item/geeknius-modern-creative-cvresume-html-sass-template/27972617,14
Noisee - Personal Portfolio Template,https://themeforest.net/item/noisee-personal-cv-resume-html-template/18649765,17
FlexyBlog - Responsive Personal Blog Template,https://themeforest.net/item/flexyblog-responsive-personal-blog-template/11393008,8
Lonon - Resume Portfolio Template,https://themeforest.net/item/lonon-resume-portfolio-template/24100324,25
Alex - vCard Personal Portfolio,https://themeforest.net/item/alex-vcard-personal-portfolio/20610023,20
Jackdaw - Multipurpose Portfolio HTML5 Template,https://themeforest.net/item/jackdaw-multipurpose-portfolio-html5-template/25947855,20
Plex - Creative Personal Portfolio Template,https://themeforest.net/item/plex-creative-personal-portfolio-template/19958747,12
Rubrash - Personal Portfolio HTML Template,https://themeforest.net/item/rubrash-personal-portfolio-html-template/21184350,16
Tokyo - VueJS Personal Portfolio Template,https://themeforest.net/item/tokyo-vuejs-personal-portfolio-template/32797372,9
Gold - Onepage Personal Portfolio,https://themeforest.net/item/gold-onepage-personal-portfolio/17381210,15
deha - Professional Resume & Portfolio Template,https://themeforest.net/item/deha-professional-resume-portfolio-template/17236492,9
Mytouch - Personal Portfolio Template,https://themeforest.net/item/mytouch-personal-portfolio-template/19284200,16
MODERN Resume HTML Template,https://themeforest.net/item/modern-resume-html-template/19477644,10
Folder - Personal Portfolio Template,https://themeforest.net/item/folder-freelancer-one-page-portfolio-resume-html5-template/19697286,9
HCard - Creative One Page Portfolio,https://themeforest.net/item/hcard-creative-one-page-portfolio/21532336,20
PortoBSB - Portfolio / vCard / Resume / CV Template / Blog,https://themeforest.net/item/portobsb-portfolio-vcard-resume-cv-template-blog/22951891,16
Shiny - Personal Responsive HTML5 Template,https://themeforest.net/item/shiny-personal-responsive-html5-template/20022737,14
"Surmoi - Resume, CV, vCard, Portfolio Template",https://themeforest.net/item/surmoi-resume-cv-vcard-portfolio-template/11175229,14
Kobra - Personal Portfolio Template,https://themeforest.net/item/kobra-personal-portfolio-template/19305797,16
Persone - OnePage Responsive Personal Template,https://themeforest.net/item/persone-onepage-responsive-personal-template/19227975,16
Jolpai - Personal Portfolio Template,https://themeforest.net/item/jolpai-personal-portfolio-template/20851856,14
iCard - Personal vCard Template,https://themeforest.net/item/wpcard-personal-vcard-cv-resume-template/19663697,25
Costa -Personal Portfolio Template,https://themeforest.net/item/costa-personal-portfolio-template/20925772,20
Teri -Creative Portfolio Template,https://themeforest.net/item/teri-creative-portfolio-template/22653081,14
Jonna - Personal / Resume / Portfolio Website Template,https://themeforest.net/item/jonna-personal-portfolio-website-template/26361888,14
Dornee - Personal Portfolio & Resume Template,https://themeforest.net/item/dornee-personal-portfolio-resume-template/23817133,20
Prosume - Resume / CV & Virtual Business Card (vCard),https://themeforest.net/item/prosume-resume-cv-virtual-business-card-vcard/18242365,16
Devin | Responsive Personal Portfolio Theme,https://themeforest.net/item/devin-responsive-personal-portfolio-theme/19840371,29
SHOWKIL - Personal Portfolio HTML5 Template,https://themeforest.net/item/showkil-personal-portfolio-html5-template/21642106,5
Khuni - Personal Portfolio Template,https://themeforest.net/item/khuni-personal-portfolio-template/18490086,12
BAA - Minimal Multi-Purpose Personal Portfolio,https://themeforest.net/item/baa-minimal-multipurpose-personal-portfolio/22561428,20
Guppy - Bootstrap 4 One Page Personal Portfolio Template,https://themeforest.net/item/guppy-bootstrap-4-one-page-personal-portfolio-template/21921150,10
Personal Portfolio - Growth,https://themeforest.net/item/growth-personal-portfolio-template/24663419,12
Reapse - Creative vCard / Resume / CV Template,https://themeforest.net/item/reapse-creative-vcard-resume-cv-template/18712555,14
Roundy HTML - Personal Resume Template,https://themeforest.net/item/roundy-html-personal-resume-cv-vcard-template/24037837,13
Resme - Responsive Personal Portfolio / Resume / CV / vCard Template,https://themeforest.net/item/resme-responsive-personal-portfolio-resume-cv-vcard-template/18835653,5
Richard - Easy Onepage Personal Template,https://themeforest.net/item/richard-easy-onepage-personal-template/26351969,13
Trail - Personal Portfolio Template,https://themeforest.net/item/trail-personal-portfolio-template/25697829,14
Samrat - One Page Personal Portfolio Template,https://themeforest.net/item/samrat-one-page-personal-portfolio-template/22304825,12
Avior - Responsive Portfolio Template,https://themeforest.net/item/avior-responsive-portfolio-template/18201264,12
Ivor | Personal Portfolio Template,https://themeforest.net/item/ivor-personal-portfolio-template/20224478,29
Adana - One Page Personal Template,https://themeforest.net/item/adana-one-page-responsive-template/20628422,13
Velocity - Personal Portfolio Template,https://themeforest.net/item/velocity-responsive-personal-portfolio-template/20381233,9
Alone - Personal Resume/CV/Portfolio HTML Template,https://themeforest.net/item/alone-personal-resumecvportfolio-html-template/20446882,12
Dustin – Bootstrap 4 Portfolio Template,https://themeforest.net/item/dustin-bootstrap-4-portfolio-template/24740179,14
Xman - vCard / Resume / CV / Portfolio Template,https://themeforest.net/item/xman-vcard-resume-cv-portfolio-template/22566842,7
Sergio – Bootstrap 4 Personal Portfolio,https://themeforest.net/item/sergio-bootstrap-4-personal-portfolio/27578014,12
Lancer - Minimal Personal Portfolio Template,https://themeforest.net/item/lancer-minimal-personal-portfolio-template/23704694,25
Modtion - Creative One Page Personal,https://themeforest.net/item/modtion-creative-one-page-personal/23836179,13
B-Jonni-Personal Portfolio Template,https://themeforest.net/item/bjonnipersonal-portfolio-template/22736102,10
Aston | Responsive Personal Portfolio Template,https://themeforest.net/item/aston-responsive-personal-portfolio-template/20402975,29
Hans - Material Design Personal Portfolio Html Template,https://themeforest.net/item/hans-material-design-personal-portfolio-html-template/18008858,15
Olga – Bootstrap 4 One Page Personal Portfolio Template,https://themeforest.net/item/olga-bootstrap-4-one-page-personal-portfolio-template/22633188,9
Malat - Responsive Personal / Portfolio / Resume Template,https://themeforest.net/item/malat-responsive-personal-portfolio-resume-template/24192968,15
Profi - Personal Portfolio Template,https://themeforest.net/item/porfi-personal-portfolio-template/19463151,15
Jhon - Personal Portfolio Template,https://themeforest.net/item/jhon-personal-portfolio-template/19481459,14
Shrewd - Personal Portfolio Template.,https://themeforest.net/item/shrewd-personal-portfolio-template/19323895,12
Yellow vCard Template,https://themeforest.net/item/yellow-vcard-template/19195879,15
Sivas - Personal One Page Template,https://themeforest.net/item/sivas-personal-one-page-template/23151109,13
Molopan | Multipurpose Personal Bootstrap 4,https://themeforest.net/item/molopan-multipurpose-personal-bootstrap-4/21844530,14
Lexal- Personal Portfolio Template,https://themeforest.net/item/lexal-personal-portfolio-template/23578930,14
Spider - Super Professional Personal Portfolio Template,https://themeforest.net/item/spider-super-professional-personal-portfolio-template/19530866,15
MahaZara.S HTML Personal Resume and Portfolio,https://themeforest.net/item/mahazaras-html-personal-resume-and-portfolio/14604527,13
Larry - Personal Onepage Template,https://themeforest.net/item/larry-personal-onepage-template/19262722,12
Abroad - Personal Portfolio Template,https://themeforest.net/item/abroad-personal-portfolio-template/20609797,10
vBook - Flip Book vCard Resume Template with RTL Support,https://themeforest.net/item/vbook-flip-book-vcard-resume-template-with-rtl-support/23131593,12
Stark - Personal Portfolio Template,https://themeforest.net/item/stark-personal-portfolio-template/25630705,10
Lompot - Personal Portfolio/Resume Website Template for Professionals,https://themeforest.net/item/lompot-personal-portfolioresume-website-template-for-professionals/20278797,12
Ethan - Personal Resume Template,https://themeforest.net/item/ethan-personal-resume-template/18785990,14
John Gold-Bootstrap Portfolio Template,https://themeforest.net/item/john-goldbootstrap-portfolio-template/21435200,10
Woltar - Personal One Page Template,https://themeforest.net/item/woltar-personal-one-page-template/20970211,16
MNABI Personal CV/Resume Portfolio HTML5 Template,https://themeforest.net/item/mnabi-personal-cvresume-portfolio-html5-template/19836061,12
Milk - One page portfolio,https://themeforest.net/item/milk-one-page-portfolio/2558474,13
Benedict - Creative Blog/Portfolio Template,https://themeforest.net/item/benedict-creative-blogportfolio-template/15644722,12
Jules - Personal Portfolio Template,https://themeforest.net/item/jules-minimal-personal-portfolio-html-template/26677179,9
Ethant Hunt - Personal Onepage HTML Template,https://themeforest.net/item/ethant-hunt-personal-onepage-html-template/25564015,12
Neil Dove - Personal One Page Portfolio Template,https://themeforest.net/item/neil-dove-personal-one-page-portfolio-template/21073202,12
Reseum - Interactive Personal Portfolio Template,https://themeforest.net/item/reseum-interactive-personal-portfolio-template/22727684,19
Dongo - vCard / Resume / CV Template,https://themeforest.net/item/dongo-vcard-resume-cv-template/26514199,13
LeCV - Creative responsive resume / CV template,https://themeforest.net/item/lecv-creative-responsive-resume-cv-template/17569089,15
Nion - Super Professional Personal Portfolio Template,https://themeforest.net/item/nion-super-professional-personal-portfolio-template/19344944,14
Mannat - Responsive One Page Personal Template,https://themeforest.net/item/mannat-responsive-one-page-personal-template/20166735,18
James - Personal Portfolio HTML5 Template,https://themeforest.net/item/james-personal-portfolio-template/22388991,23
Polaris - Personal Portfolio Template,https://themeforest.net/item/polaris-personal-portfolio-template/22711274,16
Personal Portfolio Template,https://themeforest.net/item/personal-portfolio-template/19415626,14
Dhrums - Responsive Bootstrap 4 Personal Template,https://themeforest.net/item/dhrums-responsive-bootstrap-4-personal-template/24012672,50
Parsnal - Personal Portfolio html5 template,https://themeforest.net/item/parsnal-personal-portfolio-html5-template/19521738,5
Larsia Gold - OnePage Personal & Resume Template,https://themeforest.net/item/larsia-gold-onepage-personal-resume-template/19027885,14
Synchro-Personal Portfolio Template,https://themeforest.net/item/synchropersonal-portfolio-template/19477480,8
Vesla - Vcard and Portfolio Html Template,https://themeforest.net/item/vesla-vcard-and-portfolio-html-template/2934440,9
Factor - Personal Resume vCard,https://themeforest.net/item/factor-personal-resume-vcard/23928318,14
Ario-X Onepage Personal Portfolio Template,https://themeforest.net/item/ariox-onepage-personal-portfolio-template/19167443,12
Andrea - Personal Portfolio Template,https://themeforest.net/item/andrea-personal-portfolio-template/27065175,25
Robox - Personal Portfolio Template,https://themeforest.net/item/zenex-personal-portfolio-resume-template/24344639,12
Experta - Personal Portfolio Template,https://themeforest.net/item/experta-personal-portfolio-template/19552921,12
Dick – Bootstrap 4 Personal Portfolio,https://themeforest.net/item/dick-bootstrap-4-personal-portfolio/25476578,14
Honest - Creative Portfolio CV Resume HTML Template,https://themeforest.net/item/honest-creative-portfolio-cv-resume-html-template/25510020,8
Bebo - Personal Portfolio Template,https://themeforest.net/item/bebo-personal-portfolio-template/22303200,14
CardX - Modern Personal Portfolio Template,https://themeforest.net/item/cardx-modern-personal-portfolio-cv-vcard-html5-template/23439192,12
ABOUT ME - Personal CV/Resume Template,https://themeforest.net/item/about-me-personal-cvresume-template/19965806,12
Foxevcard - Premium Resume/ CV Html Template,https://themeforest.net/item/foxevcard-premium-resume-cv-html-template/27929126,25
Perso - Personal Resume / CV / Portfolio HTML Template,https://themeforest.net/item/perso-personal-resume-cv-portfolio-html-template/20591749,10
Persway - Responsive Personal Template,https://themeforest.net/item/persway-responsive-personal-template/19181380,14
Cvi | Responsive vCard / Resume / CV Template,https://themeforest.net/item/cvi-responsive-vcard-resume-cv-template/19085346,10
Nur - Personal Resume/CV/Portfolio Html Template,https://themeforest.net/item/nur-personal-resumecvportfolio-html-template/19852530,12
Megmi - Responsive Personal HTML Template,https://themeforest.net/item/megmi-responsive-personal-html-template/20122960,14
Arika – Bootstrap 4 Portfolio Template,https://themeforest.net/item/ariak-bootstrap-4-portfolio-template/24440945,12
Tonson - Personal Portfolio Template,https://themeforest.net/item/tonson-personal-portfolio-template/20176117,12
NEON - Personal Portfolio HTML5 Template,https://themeforest.net/item/neon-personal-portfolio-html5-template/19760189,12
REJU - One Page Personal Portfolio Template,https://themeforest.net/item/reju-one-page-corporate-html-template/19325729,5
Lorex Creative Personal Portfolio Template,https://themeforest.net/item/lorex-creative-personal-portfolio-template/21588550,15
Nero - Personal vCard / Resume Template,https://themeforest.net/item/nero-personal-vcard-resume-template/21145208,12
Benzene - Personal Portfolio Template,https://themeforest.net/item/benzene-personal-portfolio-template/20716435,9
Decker - Portfolio/CV/Resume HTML Template,https://themeforest.net/item/decker-portfoliocvresume-html-template/26723545,25
Tej | One Page Personal Portfolio HTML Template,https://themeforest.net/item/tej-one-page-personal-portfolio-html-template/19403183,10
Maker - Personal HTML Template For Creative Professionals,https://themeforest.net/item/maker-personal-html-template-for-creative-professionals/19325919,7
Michel - Personal Portfolio Template,https://themeforest.net/item/michel-personal-portfolio-template/20796532,10
Loria – Bootstrap 4 Personal Portfolio,https://themeforest.net/item/loria-bootstrap-4-personal-portfolio/23554364,10
"FEATHER - Multipurpose Responsive Personal Portfolio, Resume One Page HTML Template",https://themeforest.net/item/feather-multipurpose-responsive-personal-portfolio-resume-one-page-html-template/19304901,14
Mr.Lancer - Personal CV/Resume template,https://themeforest.net/item/mrlancer-personal-cvresume-template/17840111,17
Freda - Personal Resume / Portfolio / Blog / HTML Template,https://themeforest.net/item/freda-personal-resume-portfolio-blog-html-template/24485009,17
Hazel - Personal Blog HTML Template,https://themeforest.net/item/hazel-personal-blog-html-template/20652699,11
Quary-Model/Artist Portfolio Template,https://themeforest.net/item/quarymodelartist-portfolio-template/19526650,39
KNIT - Creative Personal Portfolio Template,https://themeforest.net/item/knit-creative-personal-portfolio-template/22420469,17
Deluxe-Creative Portfolio Template,https://themeforest.net/item/deluxecreative-portfolio-template/22779211,12
Nuxt – Creative Personal Portfolio HTML Template,https://themeforest.net/item/nuxt-creative-personal-portfolio-html-template/27090031,12
Divcon – Personal Responsive Template,https://themeforest.net/item/divcon-personal-responsive-template/19058883,17
Loster - Personal Portfolio Template,https://themeforest.net/item/loster-one-page-personal-portfolio-template/19902322,14
Special- Personal Portfolio Template,https://themeforest.net/item/special-personal-portfolio-template/20333237,14
Anoumi - Responsive One Page Personal/CV/Portfolio Template,https://themeforest.net/item/anoumi-responsive-one-page-personalcvportfolio-template/25384566,17
Roberto. - Onepage Horizontal Personal CV/Resume HTML Template,https://themeforest.net/item/roberto-onepage-horizontal-personal-cvresume-html-template/31793749,19
Skyline - Minimal One Page Portfolio & Resume HTML Template,https://themeforest.net/item/skyline-minimal-one-page-portfolio-resume-html-template/19785941,24
Ractic-Personal Template,https://themeforest.net/item/racticpersonal-template/20377026,39
Mike - Personal Portfolio Template,https://themeforest.net/item/mike-personal-portfolio-template/20650521,14
Hero - Onepage Personal Portfolio,https://themeforest.net/item/hero-onepage-personal-portfolio/18627958,12
Yala - Personal Portfolio Template,https://themeforest.net/item/yala-personal-portfolio-template/20661803,14
Gnusmas - Minimalist Full Screen Personal HTML Portfolio Template,https://themeforest.net/item/gnusmas-minimalist-full-screen-personal-html-portfolio-template/23903563,16
Resu - Personal Portfolio Template,https://themeforest.net/item/resu-personal-portfolio-template/19121858,5
Zays - Creative Personal Portfolio Template,https://themeforest.net/item/zays-creative-personal-portfolio-template/24736549,16
Limonda  - Personal Portfolio HTML Template,https://themeforest.net/item/limonda-personal-portfolio-html-template/22820236,20
Binte - Personal Portfolio Template,https://themeforest.net/item/binte-personal-portfolio-template/19688138,12
JFOLIO - One Page Portfolio Template,https://themeforest.net/item/jfolio-one-page-portfolio-template/20097865,9
Freshr - Responsive Resume / CV HTML5 Template,https://themeforest.net/item/freshr-responsive-resume-cv-html5-template/19460522,15
Aslanna | Responsive Bootstrap 4 Personal Template,https://themeforest.net/item/aslanna-responsive-bootstrap-4-personal-template/24972540,15
Riddick - Personal Portfolio Template,https://themeforest.net/item/riddick-personal-portfolio-template/26195033,17
Reese – Bootstrap 4 Personal Portfolio,https://themeforest.net/item/reese-bootstrap-4-personal-portfolio/23117032,12
Simone - Onepage Personal CV/Resume HTML Template,https://themeforest.net/item/simone-onepage-personal-cvresume-html-template/27755793,9
React Next Sports & Athlete Personal Portfolio Template - Plaon,https://themeforest.net/item/plaon-react-sports-athlete-portfolio-template/27513329,25
Suzie – Bootstrap 4 Personal Portfolio,https://themeforest.net/item/suzie-bootstrap-4-personal-portfolio/28522624,12
Mason - Creative Portfolio,https://themeforest.net/item/mason-creative-portfolio/26260925,25
Creative-Personal Portfolio Template,https://themeforest.net/item/creativepersonal-portfolio-template/19994910,8
Perfect - Minimal Personal Portfolio Template,https://themeforest.net/item/perfect-minimal-personal-portfolio-template/20291096,12
Responsive CV/Resume Template,https://themeforest.net/item/responsive-cvresume-template/20372773,16
Hundai - Minimal Personal Portfolio Template,https://themeforest.net/item/hundai-minimal-personal-portfolio-template/20414328,14
Kayden - Personal Bootstrap 5 HTML Portfolio Template,https://themeforest.net/item/kayden-personal-bootstrap-5-html-portfolio-template/32394745,11
Thiyan - Personal Portfolio Template,https://themeforest.net/item/thiyan-personal-portfolio-template/19153089,12
Tigris - Personal Portfolio Template,https://themeforest.net/item/tigris-personal-portfolio-template/25433884,25
Olika - One Page Personal Template,https://themeforest.net/item/olika-one-page-personal-template/20101276,13
Craste - Personal Portfolio Template,https://themeforest.net/item/craste-one-page-portfolio-html-template/21730303,17
Shorip - Personal Portfolio Template,https://themeforest.net/item/shorip-personal-portfolio-template/22260299,14
Jidan -Modern Personal Portfolio Template,https://themeforest.net/item/jidan-modern-personal-portfolio-template/19511833,14
Zovan - Personal Portfolio Template,https://themeforest.net/item/zovan-personal-portfolio-template/19696242,12
MYFOLIO - Personal Portfolio Template,https://themeforest.net/item/myfolio-personal-one-page/20144716,7
Cvrim - CV Resume Virtual vCard Portfolio HTML5 Template,https://themeforest.net/item/cvrim-cv-resume-virtual-vcard-portfolio-html5-template/22815879,14
Blackgem vCard,https://themeforest.net/item/blackgem-vcard/70762,10
Folion - Ajax Freelancer Personal Portfolio,https://themeforest.net/item/folion-animated-portfolio-template/23222566,14
AXONE - Personal Blog & Photo Gallery Template,https://themeforest.net/item/axone-personal-blog-photo-gallery-template/26457512,18
Arpha - Creative Portfolio Template,https://themeforest.net/item/arpha-creative-portfolio-template/23235387,16
GURU - Personal Portfolio Template,https://themeforest.net/item/guru-personal-portfolio-template/19002635,49
Personite - Bootstrap Portfolio Template,https://themeforest.net/item/personite-bootstrap-portfolio-template/27913702,12
Expert - Creative Personal Portfolio Template,https://themeforest.net/item/expert-creative-personal-portfolio-template/20472098,14
RESUMY - Personal HTML Template,https://themeforest.net/item/resumy-personal-html-template/19385090,49
Persoh - Personal Portfolio Template,https://themeforest.net/item/persoh-personal-portfolio-template/22415278,17
"Sole | Minimal CV/Resume, Bio, Portfolio, Blog",https://themeforest.net/item/sole-minimal-cvresume-bio-portfolio-blog/18935668,10
Avx - Creative Personal Template,https://themeforest.net/item/avx-creative-personal-template/22826054,14
Sonax - Personal Portfolio HTML Template,https://themeforest.net/item/sonax-personal-portfolio-html-template/22249389,15
Alfa - Personal Portfolio and Virtual Business Card,https://themeforest.net/item/alfa-personal-portfolio-and-virtual-business-card/22999561,15
Rudy - Creative Personal Portfolio Template,https://themeforest.net/item/rudy-creative-personal-portfolio-template/25652377,25
Cvita - CV Resume Personal Portfolio HTML Template,https://themeforest.net/item/cvita-cv-resume-personal-portfolio-html-template/22743754,12
Trueman - CV Resume Template,https://themeforest.net/item/trueman-cv-resume-template/32679535,17
Identifile | Creative Portfolio HTML Template,https://themeforest.net/item/identifile-creative-portfolio-html-template/28448497,12
Latos - Creative Personal Portfolio Template,https://themeforest.net/item/latos-creative-personal-portfolio-template/20918472,16
Master - Personal Portfolio Template,https://themeforest.net/item/master-personal-portfolio-template/18822670,12
Faber-One Page Resume/Portfolio HTML Template,https://themeforest.net/item/faberone-page-resumeportfolio-html-template/19182771,12
Smart | Personal Portfolio / CV / Resume Template,https://themeforest.net/item/smart-personal-portfolio-cv-resume-template/19292033,17
Lubi - Personal Blog HTML Template,https://themeforest.net/item/lubi-personal-blog-html-template/20650856,12
Leonardo || Personal Template,https://themeforest.net/item/leonardo-personal-template/21558840,39
Sanam - Resume / Cv / vCard Template,https://themeforest.net/item/sanam-resume-cv-vcard-template/19901822,14
Tobirama - Responsive Personal and Portfolio Template,https://themeforest.net/item/tobirama-responsive-personal-and-portfolio-template/22074141,10
CARPLUS-Simple Personal/Portfolio Template,https://themeforest.net/item/carplussimple-personalportfolio-template/18998287,39
Perfolio - Resume & Personal Website HTML Template,https://themeforest.net/item/perfolio-resume-personal-website-html-template/24623756,17
Infusion - Responsive Personal Portfolio Template,https://themeforest.net/item/infusion-responsive-personal-portfolio-template/20251979,8
MJ - Creative Resume Template,https://themeforest.net/item/mj-creative-resume-template/19264283,19
Devzan - Clean Personal HTML5 Template,https://themeforest.net/item/devzan-clean-personal-html5-template/19672163,99
TheMechanic - One Page Personal Business Template,https://themeforest.net/item/mistery-one-page-personal-business-template/23140480,17
Bonjour - vCard Template,https://themeforest.net/item/bonjour-vcard-template/3031376,14
Dreamhub - Personal Resume-CV-Portfolio HTML Template,https://themeforest.net/item/dreamhub-personal-resumecvportfolio-html-template/20489642,10
QONI - Personal Resume HTML Template,https://themeforest.net/item/qoni-personal-resume-html-template/23052367,16
Micke - Personal Portfolio Template,https://themeforest.net/item/micke-personal-portfolio-template/20091969,14
Kono - Personal Portfolio and Resume Template,https://themeforest.net/item/kono-personal-portfolio-and-resume-template/25475526,10
Pcard - Personal  Minimal V card Template,https://themeforest.net/item/pcard-personal-minimal-v-card-template/19594864,15
PUNDIT - Creative Agency Portfolio Template,https://themeforest.net/item/pundit-personal-portfolio-template/19288409,49
Creative Responsive Personal Portfolio Template - Methail,https://themeforest.net/item/methail-creative-personal-portfolio-template/21533435,14
MYPOOH - Beautiful Personal Resume/CV/Portfolio Html Template,https://themeforest.net/item/mypooh-beautiful-personal-resumecvportfolio-html-template/20874347,12
Muffet - Minimal Portfolio,https://themeforest.net/item/muffet-minimal-portfolio/24325397,49
Waxon- VueJS Personal Portfolio Template,https://themeforest.net/item/waxon-vuejs-personal-portfolio-template/33025103,9
Shane - VueJS Personal Portfolio Template,https://themeforest.net/item/shane-vuejs-personal-portfolio-template/32964710,9
Manvir - Bootstrap 4 Personal One Page HTML Template,https://themeforest.net/item/manvir-bootstrap-4-personal-one-page-html-template/26547470,15
Fariha - Personal Portfolio & Resume HTML5 Template,https://themeforest.net/item/fariha-personal-portfolio-resume-html5-template/24267746,14
Lamisa-Personal/Portfolio HTML5 Bootstrap Template,https://themeforest.net/item/lamisapersonalportfolio-html5-bootstrap-template/20210575,39
RK Design Studio - Creative Portfolio,https://themeforest.net/item/rk-design-studio-creative-portfolio/20695499,14
Profex - CV / Resume & vCard Template,https://themeforest.net/item/profex-cv-resume-vcard-template/20287307,17
Rooth - Premium vCard / Resume / CV / Portfolio HTML Template,https://themeforest.net/item/rooth-premium-vcard-resume-cv-portfolio-html-template/25589237,12
Tyson - Personal Portfolio Template,https://themeforest.net/item/tyson-personal-portfolio-template/19291845,15
NewWorld - Responsive Personal Portfolio Template,https://themeforest.net/item/newworld-responsive-personal-portfolio-template/19346737,15
Swiftly - Personal & Portfolio Template,https://themeforest.net/item/swiftly-personal-portfolio-template/23280235,22
Hopa - Onepage Personal Portfolio,https://themeforest.net/item/hopa-onepage-personal-portfolio/17327041,15
Daizy-Personal Portfolio Template,https://themeforest.net/item/daizypersonal-portfolio-template/22510297,12
Lorex - Responsive Personal  Portfolio Template,https://themeforest.net/item/lorex-responsive-personal-portfolio-template/20129019,12
Warg - Personal Portfolio Template,https://themeforest.net/item/warg-personal-portfolio-template/20293245,14
Rocky - Personal & Portfolio Responsive HTML Template,https://themeforest.net/item/rocky-personal-portfolio-responsive-html-template/19628342,10
Allison - Creative Portfolio Bootstrap 5 Template,https://themeforest.net/item/allison-multipurpose-portfolio-html-template/25901383,24
Nilson - Multipurpose Personal Resume & Portfolio Template,https://themeforest.net/item/nilson-personal-portfolio-template/25126048,14
Biebre  - Creative Portfolio Template,https://themeforest.net/item/biebre-creative-portfolio-template/22816896,10
Syno-Personal Portfolio Template,https://themeforest.net/item/synopersonal-portfolio-template/19624471,12
Fighter - One Page Personal HTML5  Template,https://themeforest.net/item/fighter-one-page-personal-html5-template/19549632,12
Urcode-Personal / Portfolio Template (Responsive),https://themeforest.net/item/urcodepersonal-portfolio-template-responsive/20483989,39
VIP - Creative Landing Page HTML5 Template,https://themeforest.net/item/vip-creative-landing-page-html5-template/22176540,10
Biodata - Clean Personal HTML5 Template,https://themeforest.net/item/biodata-clean-personal-html5-template/19365015,99
Uswatoen - Personal Resume/CV/Portfolio HTML Template,https://themeforest.net/item/uswatoen-personal-resumecvportfolio-html-template/20267100,12
Eye-Look Personal Portfolio HTML5 Template,https://themeforest.net/item/eyelook-personal-portfolio-html5-template/19858210,12
Jonathon - Personal Portfolio Template,https://themeforest.net/item/jonathon-personal-portfolio-template/20728297,11
Pholio One - One Page Personal Portfolio HTML Template,https://themeforest.net/item/pholio-one-one-page-personal-portfolio-html-template/19502321,19
MicroLina - Responsive One Page Portfolio Template,https://themeforest.net/item/microlina-responsive-one-page-portfolio-template/24261597,9
Pretty - Beautiful Creative Portfolio Template,https://themeforest.net/item/pretty-beautiful-creative-portfolio-template/20706734,15
Onuc - Personal HTML Template,https://themeforest.net/item/onuc-personal-html-template/24889987,15
Cassanah - Personal Resume/CV/Portfolio HTML Template,https://themeforest.net/item/cassanah-personal-resumecvportfolio-html-template/19469186,10
Elumni Personal html5 Template,https://themeforest.net/item/elumni-personal-html5-template/19204190,39
Dezine-One-page-portfolio,https://themeforest.net/item/dezineonepageportfolio/19253719,6
A.Junior Personal/Minimal/Portfolio Template,https://themeforest.net/item/ajunior-personalminimalportfolio-template/19937683,14
Gwyn - Personal Portfolio Template,https://themeforest.net/item/gwyn-personal-portfolio-template/25139034,15
Blon - Personal Portfolio Template,https://themeforest.net/item/blon-personal-portfolio-template/25267874,10
Resumify - Personal Portfolio Template,https://themeforest.net/item/resumify-resume-html5-template/24101443,14
Jojo - Personal Portfolio Template,https://themeforest.net/item/jojo-personal-portfolio-template/25974852,15
Kolapata - One Page Personal Portfolio Template,https://themeforest.net/item/kolapata-one-page-personal-portfolio-template/19182324,15
Design - One Page Portfolio Template,https://themeforest.net/item/design-one-page-portfolio-template/19231175,6
M - One Page Personal Portfolio Template,https://themeforest.net/item/m-one-page-personal-portfolio-template/20373844,14
COJO - Personal Portfolio HTML5 Template,https://themeforest.net/item/cojo-personal-portfolio-html5-template/27558168,17
Lendex - Personal Portfolio Bootstrap 5 Template,https://themeforest.net/item/lendex-personal-portfolio-bootstrap-5-template/31542002,17
Matola - Personal Resume Template,https://themeforest.net/item/matola-material-personal-resume-template/19957005,12
Myfolio - A Personal Portfolio Template,https://themeforest.net/item/myfolio-a-personal-portfolio-template/20036273,99
SJ DESIGNS  Personal vcard Html Template,https://themeforest.net/item/sj-designs-personal-vcard-html-template/20327258,15
Pogo-Personal Portfolio Template,https://themeforest.net/item/pogopersonal-portfolio-template/19704620,12
SOLITUDE-Personal Portfolio Template,https://themeforest.net/item/solitudepersonal-portfolio-template/19819871,12
ALEX-Personal Portfolio Template,https://themeforest.net/item/alexpersonal-portfolio-template/19628863,8
Zhoan - Personal Portfolio Template,https://themeforest.net/item/zhoan-personal-portfolio-template/19957591,12
Digest-Personal Resume Template,https://themeforest.net/item/digestpersonal-resume-template/21544163,17
Arve - Personal Portfolio Template,https://themeforest.net/item/arve-personal-portfolio-template/24808102,17
Profilekit - Bootstrap Portfolio Template,https://themeforest.net/item/profilekit-bootstrap-portfolio-template/27529859,14
Belek - Personal Responsive Template,https://themeforest.net/item/belek-personal-responsive-template/22564378,13
BROG- Creative vCard Template,https://themeforest.net/item/brog-creative-vcard-template/22393658,10
Solo-Personal Portfolio Template,https://themeforest.net/item/solopersonal-portfolio-template/19393498,8
LEPARD-Personal/Portfolio HTML5 Template,https://themeforest.net/item/lepardpersonalportfolio-html5-template/19473498,39
Stauros - Personal Portfolio HTML Template,https://themeforest.net/item/stauros-personal-portfolio-html-template/19857561,8
Fahima - Creative Portfolio & Blog HTML Template,https://themeforest.net/item/fahima-creative-portfolio-blog-html-template/27660832,19
Pitter - Personal Portfolio Template,https://themeforest.net/item/bale-personal-portfolio-template/19872009,16
Radix -  Portfolio and Resume Template,https://themeforest.net/item/radix-portfolio-and-resume-template/24956236,15
Aurus - Personal vCard Template,https://themeforest.net/item/aurus-personal-vcard-template/16567865,12
Eternal - Personal Elegant HTML Blog Template,https://themeforest.net/item/eternal-personal-elegant-html-blog-template/17975253,14
Tefa – One Page Portfolio Template,https://themeforest.net/item/tefa-one-page-portfolio-template/22571748,14
Gough - Personal Portfolio Template,https://themeforest.net/item/gough-personal-portfolio-template/25196412,15
Natasi-One Page Personal HTML5 Template,https://themeforest.net/item/natasione-page-personal-html5-template/20237604,39
- El-Seera - One Page Personal Portfolio & Vcard Template,https://themeforest.net/item/-elseera-one-page-personal-portfolio-vcard-template/19352277,12
Personal Portfolio,https://themeforest.net/item/personal-portfolio/20630323,24
AW | Personal / Portfolio / Resume One Page HTML5 Template,https://themeforest.net/item/aw-personal-portfolio-resume-one-page-html5-template/25381814,14
Vivanta - Portfolio Template,https://themeforest.net/item/vivanta-minimal-personal-portfolio-html-template/25913828,12
Jalapino || Personal Template,https://themeforest.net/item/jalapino-personal-template/21395184,39
Elegant-Personal HTML Template,https://themeforest.net/item/elegantpersonal-html-template/20535631,14
Kimi- Personal Business Card Template,https://themeforest.net/item/kimi-personal-business-card-template/19380279,16
Donald - Personal Onepage HTML Template,https://themeforest.net/item/donald-personal-onepage-html-template/26158839,9
Sumit - Responsive Personal Portfolio Template,https://themeforest.net/item/sumit-responsive-personal-portfolio-template/31401681,9
Nayra - Responsive Resume / Personal Portfolio,https://themeforest.net/item/nayra-responsive-resume-personal-portfolio/24314138,14
Morioka - Responsive Bootstrap 4 One Page Portfolio Template,https://themeforest.net/item/morioka-responsive-bootstrap-4-personal-template/25725129,10
Elipse - Personal Portfolio HTML5 Template,https://themeforest.net/item/elipse-personal-portfolio-html5-template/24650745,10
CADI - Is A Portfolio & Resume Template,https://themeforest.net/item/cadi-is-a-portfolio-resume-template/21465628,14
Dominic Responsive Bootstrap 4 Personal Template,https://themeforest.net/item/dominic-responsive-bootstrap-4-personal-template/24041830,10
Eric - Creative Personal Portfolio /CV / Resume Template,https://themeforest.net/item/eric-creative-personal-portfolio-cv-resume-template/19890743,14
lol - One Page Portfolio Template,https://themeforest.net/item/lol-one-page-portfolio-template/20169589,14
Yunki || Personal / Portfolio Template,https://themeforest.net/item/yunki-personal-portfolio-template/20616567,39
Moli - Personal Blog HTML 5 Template,https://themeforest.net/item/moli-personal-blog-html-5-template/27856969,17
Emeli - Personal Resume & Portfolio Template,https://themeforest.net/item/emeli-personal-resume-portfolio-template/23523056,14
Solo - Portfolio One Page,https://themeforest.net/item/solo-portfolio-one-page/19344271,9
Resumme - HTML Theme for Creative CV,https://themeforest.net/item/resumme-html-theme-for-creative-cv/25030448,10
Mister Perfect - Minimal CV/Resume/vCard Template,https://themeforest.net/item/mister-perfect-minimal-cvresumevcard-template/21291307,49
Tiba - CV Resume Template,https://themeforest.net/item/tiba-cv-resume-template/26654912,12
Vetox-Personal / Portfolio Responsive HTML5 Template,https://themeforest.net/item/vetoxpersonal-portfolio-html5-template/19705371,39
Yaki - Modern personal Template,https://themeforest.net/item/yaki-personal-html-template/27018614,24
Vicky-Portfolio Template,https://themeforest.net/item/vickyone-page-portfolio-template/22301719,39
Atom - Responsive personal template.,https://themeforest.net/item/atom-responsive-personal-template/19296511,8
ZooM - Portfolio One Page Template,https://themeforest.net/item/zoom-portfolio-one-page-template/19994326,9
Okam - Personal Portfolio Template,https://themeforest.net/item/okam-personal-portfolio-template/25934965,10
FIERSTA-Personal / Portfolio HTML5 Template,https://themeforest.net/item/fierstapersonal-portfolio-html5-template/19239439,39
Heelia - Portfolio One Page HTML Template,https://themeforest.net/item/heelia-portfolio-one-page-html-template/20462495,8
Xens-Personal / Portfolio Responsive Template,https://themeforest.net/item/xenspersonal-portfolio-responsive-template/19737548,39
Fiz - Clean Personal Portfolio HTML5 Template,https://themeforest.net/item/fiz-clean-personal-portfolio-html5-template/19792038,99
Angle | Flat Responsive Bootstrap HTML5 Template,https://themeforest.net/item/angle-flat-responsive-bootstrap-html5-template/18078522,15
Portfolica - Personal Portfolio Template,https://themeforest.net/item/portfolica-personal-portfolio-template/20929329,14
Showon -  Full Screen Personal HTML Portfolio Template,https://themeforest.net/item/showon-full-screen-personal-html-portfolio-template/24754414,14
Lunatic - Personal Portfolio Template,https://themeforest.net/item/lunatic-personal-portfolio-template/20417919,14
Codepix - Creation & Personal HTML Template,https://themeforest.net/item/codepix-creation-personal-html-template/19627435,12
SamBailey - Personal CV/Resume HTML Template,https://themeforest.net/item/sambailey-personal-cvresume-html-template/31776053,19
Jarven - One Page Personal Portfolio Template,https://themeforest.net/item/jarven-one-page-personal-portfolio-template/19522986,9
My Begin - Personal Portfolio HTML Template,https://themeforest.net/item/my-begin-personal-portfolio-html-template/20349892,18
Magaj - Modern Blog HTML Template,https://themeforest.net/item/magaj-modern-blog-html-template/25738242,14
Instame - One Page Personal Portfolio HTML5 Template,https://themeforest.net/item/instame-one-page-personal-portfolio-html5-template/27908892,14
Ryen King - Personal CV/Resume HTML Template,https://themeforest.net/item/ryen-king-personal-cvresume-html-template/32573254,16
WOWZIE - Personal Portfolio & Resume Template,https://themeforest.net/item/wowzie-personal-portfolio-resume-template/23781888,19
WDpolis - Personal Portfolio Template,https://themeforest.net/item/wdpolis-personal-portfolio-template/19410212,20
Kotaro - Personal Portfolio Template,https://themeforest.net/item/kotaro-personal-portfolio-template/25379137,15
ADROIT - Personal Portfolio Template,https://themeforest.net/item/adroit-personal-portfolio-template/19444137,12
Grand Blog HTML Template,https://themeforest.net/item/grand-blog-html-template/32867676,17
Oneex - Virtual Business Card,https://themeforest.net/item/oneex-virtual-business-card/33244068,79
